id;Age;Flight Distance;Inflight wifi service;Seat comfort;Food and drink;On-board service;Leg room service;satisfaction
88810;20;404;2;3;3;4;4;neutral or dissatisfied
44461;51;1627;1;5;2;4;4;satisfied
73353;41;1012;3;3;3;3;5;neutral or dissatisfied
64429;49;3985;3;5;5;4;5;satisfied
65486;23;1067;3;3;3;4;2;neutral or dissatisfied
12850;48;817;2;4;5;2;2;neutral or dissatisfied
53487;59;919;1;1;1;2;3;neutral or dissatisfied
46436;50;2408;2;2;3;5;4;satisfied
33824;47;1521;4;4;1;4;4;satisfied
99279;16;935;3;3;3;1;3;neutral or dissatisfied
44783;13;1250;3;2;2;4;3;neutral or dissatisfied
51006;49;190;4;5;5;2;2;neutral or dissatisfied
126243;28;468;3;1;5;3;3;neutral or dissatisfied
54438;41;305;5;5;5;2;5;satisfied
113391;41;2736;2;4;5;5;5;satisfied
103577;35;689;1;1;1;4;4;neutral or dissatisfied
114216;48;2981;1;4;3;1;1;neutral or dissatisfied
89998;39;2367;1;5;3;5;5;satisfied
23637;22;793;3;2;2;4;3;neutral or dissatisfied
104572;43;369;2;5;5;2;2;satisfied
120716;40;90;2;4;3;5;5;satisfied
92955;47;134;3;3;4;3;3;neutral or dissatisfied
33285;51;101;2;3;3;4;1;neutral or dissatisfied
52805;21;2402;2;4;4;3;3;satisfied
50481;36;110;2;2;2;3;5;neutral or dissatisfied
55160;44;1379;3;3;5;4;3;neutral or dissatisfied
4389;22;607;2;4;4;5;3;neutral or dissatisfied
96504;53;444;2;2;2;2;2;neutral or dissatisfied
22187;29;1995;2;2;2;3;3;neutral or dissatisfied
57042;67;2133;3;3;3;4;3;neutral or dissatisfied
22426;38;238;2;5;5;3;5;neutral or dissatisfied
57254;60;804;2;4;2;2;2;neutral or dissatisfied
26741;44;515;4;3;1;4;4;satisfied
108193;55;1624;4;5;4;5;5;satisfied
106367;16;2984;3;3;3;1;3;neutral or dissatisfied
123034;43;3237;1;5;5;5;5;satisfied
93340;24;3328;5;4;4;4;2;satisfied
39295;43;67;3;4;3;4;3;neutral or dissatisfied
80897;45;692;2;1;1;1;2;neutral or dissatisfied
2417;38;641;2;1;1;3;4;neutral or dissatisfied
118205;62;1444;3;2;2;3;5;neutral or dissatisfied
106721;47;829;3;4;4;5;3;neutral or dissatisfied
116279;46;337;2;3;3;5;4;neutral or dissatisfied
12401;78;2258;3;5;3;4;4;satisfied
30160;18;399;2;3;3;5;2;neutral or dissatisfied
4173;23;427;2;2;2;1;2;neutral or dissatisfied
38194;67;1249;1;3;3;5;3;neutral or dissatisfied
81645;33;2760;4;5;2;3;2;satisfied
1804;59;2149;5;4;3;5;5;satisfied
66436;26;1217;3;5;2;5;4;neutral or dissatisfied
97780;39;471;3;4;4;5;2;neutral or dissatisfied
37714;44;1005;3;1;1;4;4;neutral or dissatisfied
24031;43;427;5;5;5;5;5;satisfied
89038;53;1919;2;5;3;3;4;satisfied
25465;28;1609;3;5;5;3;4;satisfied
74188;30;641;1;5;5;4;4;neutral or dissatisfied
27042;52;1489;2;4;2;5;5;satisfied
87107;59;594;2;1;1;2;1;neutral or dissatisfied
106140;43;436;3;3;3;4;1;neutral or dissatisfied
49691;59;3835;2;4;2;1;1;neutral or dissatisfied
23506;43;2116;1;5;2;5;5;satisfied
97671;39;1742;2;5;5;5;5;satisfied
101289;39;444;4;4;5;3;4;satisfied
2376;17;604;3;1;1;4;3;neutral or dissatisfied
55394;10;594;2;1;2;4;1;neutral or dissatisfied
10782;44;1778;5;4;5;5;5;satisfied
125241;48;1149;3;5;2;1;3;neutral or dissatisfied
128734;30;1464;4;5;5;5;5;satisfied
68358;23;1322;4;1;1;3;4;satisfied
104593;40;369;3;3;3;2;3;neutral or dissatisfied
111043;38;2405;1;3;5;5;5;satisfied
91617;23;1340;2;5;5;5;4;satisfied
64356;23;758;2;4;4;4;3;neutral or dissatisfied
21755;49;563;4;3;5;4;4;satisfied
5738;48;234;3;3;5;3;3;neutral or dissatisfied
39745;51;320;4;4;4;5;2;neutral or dissatisfied
25692;59;432;5;2;3;5;5;satisfied
42625;44;2913;2;5;3;3;4;satisfied
32558;37;101;2;5;5;2;4;neutral or dissatisfied
40014;50;575;5;1;4;2;2;satisfied
47234;68;965;1;4;5;2;1;neutral or dissatisfied
11141;65;429;2;5;4;5;2;neutral or dissatisfied
61256;34;967;1;5;4;5;2;neutral or dissatisfied
25027;58;907;1;3;4;5;1;neutral or dissatisfied
52725;48;406;3;4;5;4;3;neutral or dissatisfied
2874;27;491;3;3;3;5;2;neutral or dissatisfied
34508;41;1428;4;4;4;4;3;satisfied
13836;21;1657;4;3;3;1;2;satisfied
62051;51;2475;2;1;1;4;3;neutral or dissatisfied
22212;33;565;2;4;4;3;4;neutral or dissatisfied
32896;11;101;3;1;5;3;5;neutral or dissatisfied
97425;43;587;1;3;4;2;2;neutral or dissatisfied
71837;66;1846;2;3;1;2;2;neutral or dissatisfied
119289;37;3766;0;5;3;1;1;satisfied
53768;16;1195;4;2;2;3;2;neutral or dissatisfied
23584;41;3014;2;3;5;4;5;satisfied
85720;40;2105;2;4;4;5;5;satisfied
52868;18;836;2;3;3;3;4;neutral or dissatisfied
116278;60;362;3;4;3;2;3;neutral or dissatisfied
40510;66;188;1;3;1;5;1;neutral or dissatisfied
21780;45;352;5;5;5;1;1;satisfied
55683;72;3408;3;4;4;5;5;satisfied
49000;41;3115;0;5;1;3;3;satisfied
62521;33;1744;1;4;2;1;1;neutral or dissatisfied
2278;27;925;3;2;2;2;5;neutral or dissatisfied
101180;62;583;3;5;5;4;3;neutral or dissatisfied
66004;42;2211;2;5;4;5;4;satisfied
34357;47;541;5;4;3;5;5;satisfied
4519;35;551;2;1;1;1;2;neutral or dissatisfied
15407;33;164;3;3;3;4;4;neutral or dissatisfied
113065;56;543;3;3;4;3;3;neutral or dissatisfied
86676;25;952;4;4;4;4;5;satisfied
128291;62;2287;0;4;2;2;2;satisfied
111964;23;533;1;4;5;1;3;neutral or dissatisfied
47412;24;588;3;3;5;4;3;neutral or dissatisfied
87065;45;1937;1;4;4;4;4;satisfied
107274;31;3716;2;4;4;3;4;satisfied
50474;30;89;3;5;2;3;1;neutral or dissatisfied
12150;34;2348;5;2;3;2;2;satisfied
66920;35;964;3;4;2;5;5;satisfied
20901;49;689;2;2;2;4;2;neutral or dissatisfied
59544;24;787;3;5;5;3;4;satisfied
56126;26;1400;4;3;3;4;3;satisfied
120101;39;1576;4;5;2;5;5;satisfied
102747;34;255;3;5;5;5;5;satisfied
84632;30;707;4;5;5;4;3;neutral or dissatisfied
20665;30;552;5;4;4;2;1;satisfied
96117;30;1090;5;5;5;1;2;neutral or dissatisfied
7964;44;594;3;4;1;4;3;neutral or dissatisfied
94291;60;3349;2;4;3;4;4;satisfied
65378;48;1892;2;2;2;4;4;satisfied
29090;68;605;2;2;2;4;2;neutral or dissatisfied
128033;49;1440;1;5;5;5;5;satisfied
29993;63;95;1;3;1;3;3;neutral or dissatisfied
53855;59;191;3;3;3;1;3;neutral or dissatisfied
16960;34;1131;1;3;3;1;1;neutral or dissatisfied
89521;21;944;2;1;1;4;4;neutral or dissatisfied
19789;15;667;2;4;5;4;3;neutral or dissatisfied
7302;63;135;2;5;3;4;4;satisfied
47218;42;954;4;1;1;3;1;neutral or dissatisfied
53217;33;589;2;4;4;3;5;neutral or dissatisfied
97726;54;2205;3;4;3;4;5;satisfied
53214;28;612;4;3;3;4;5;neutral or dissatisfied
74065;51;641;1;4;3;5;5;satisfied
41212;27;1091;2;2;2;4;4;neutral or dissatisfied
12693;25;721;3;2;2;1;2;satisfied
93759;20;368;1;2;2;4;4;neutral or dissatisfied
101127;21;1235;5;4;4;4;3;satisfied
31232;43;472;3;3;2;5;2;neutral or dissatisfied
97158;22;3959;2;2;2;2;3;neutral or dissatisfied
50339;52;266;4;2;1;5;5;satisfied
40991;61;984;4;5;4;5;3;neutral or dissatisfied
28652;54;2404;2;5;5;2;1;neutral or dissatisfied
101124;41;1069;2;4;2;5;5;satisfied
101832;21;1521;1;1;1;1;3;neutral or dissatisfied
26675;19;515;3;2;3;4;4;neutral or dissatisfied
129536;26;2342;2;2;2;2;4;neutral or dissatisfied
111474;61;1024;2;4;4;5;4;neutral or dissatisfied
74841;31;1797;2;1;1;5;3;neutral or dissatisfied
75423;36;2330;2;2;2;2;2;neutral or dissatisfied
98558;27;992;2;3;3;3;2;neutral or dissatisfied
77302;25;599;2;2;2;3;3;neutral or dissatisfied
90085;60;3959;5;4;3;4;4;satisfied
51476;47;451;4;2;2;4;4;neutral or dissatisfied
21434;24;433;5;2;5;1;5;satisfied
57075;34;2065;4;4;4;4;1;neutral or dissatisfied
51713;33;237;3;5;5;5;4;satisfied
4687;17;364;0;5;5;5;3;satisfied
69890;41;1514;3;5;2;5;5;satisfied
33007;46;101;2;3;3;3;5;neutral or dissatisfied
75522;20;337;4;4;4;3;5;satisfied
32659;38;101;3;3;2;2;2;neutral or dissatisfied
51546;26;370;1;4;4;5;2;satisfied
2126;50;431;3;4;5;3;4;satisfied
58097;18;589;2;2;2;3;4;neutral or dissatisfied
41629;22;3225;3;3;3;4;4;neutral or dissatisfied
9088;30;160;3;1;5;2;5;neutral or dissatisfied
97950;22;616;5;4;4;5;2;satisfied
95088;20;239;4;3;3;1;1;neutral or dissatisfied
101331;31;1771;3;3;3;4;4;neutral or dissatisfied
72751;47;1850;3;5;4;2;2;satisfied
66799;43;1803;1;4;3;1;2;satisfied
109730;74;468;1;3;4;1;1;neutral or dissatisfied
107035;40;480;5;5;4;4;4;satisfied
4876;52;408;4;3;3;3;1;satisfied
92489;28;2139;2;2;2;1;3;neutral or dissatisfied
69547;33;2475;4;2;2;2;4;satisfied
48638;60;3128;5;5;4;5;5;satisfied
61619;40;1346;5;4;5;4;4;satisfied
96970;46;883;5;4;1;5;4;neutral or dissatisfied
24872;42;356;3;3;3;3;4;neutral or dissatisfied
50779;21;109;1;4;5;1;1;neutral or dissatisfied
116697;22;337;2;1;2;2;5;neutral or dissatisfied
77858;34;689;2;5;5;2;5;neutral or dissatisfied
111098;39;240;5;2;2;3;4;satisfied
107435;69;717;2;5;3;4;2;neutral or dissatisfied
67052;30;3468;3;3;3;1;1;neutral or dissatisfied
124437;23;1262;3;2;2;5;2;neutral or dissatisfied
6797;36;223;1;5;2;5;5;satisfied
9487;25;239;5;5;5;4;5;satisfied
109474;27;861;3;3;3;1;3;neutral or dissatisfied
73042;24;944;3;5;3;4;1;neutral or dissatisfied
119568;15;857;1;5;5;5;4;satisfied
23302;52;2053;4;5;2;4;4;satisfied
3019;56;3639;3;4;4;3;3;neutral or dissatisfied
32849;59;216;3;1;1;2;2;neutral or dissatisfied
5239;39;295;3;4;5;5;5;satisfied
79343;27;1020;2;3;3;4;3;neutral or dissatisfied
46298;47;237;5;2;4;5;5;satisfied
129847;16;337;0;3;3;5;2;satisfied
104104;42;1731;1;1;3;4;4;satisfied
79502;48;712;2;5;4;4;4;satisfied
95656;44;1514;3;4;3;3;3;neutral or dissatisfied
60189;40;1577;1;5;3;5;5;satisfied
8066;25;125;3;2;2;3;3;neutral or dissatisfied
120713;41;280;2;3;3;4;5;neutral or dissatisfied
126687;56;2402;4;4;4;5;5;satisfied
112114;55;1024;3;4;2;2;3;neutral or dissatisfied
116069;14;308;4;5;4;4;5;neutral or dissatisfied
122308;70;541;3;1;2;2;2;neutral or dissatisfied
19487;28;84;4;2;2;3;2;neutral or dissatisfied
88565;44;545;1;4;5;4;1;neutral or dissatisfied
30849;25;973;1;3;3;5;4;satisfied
83506;58;946;1;3;1;1;1;neutral or dissatisfied
36985;20;899;2;2;5;2;2;neutral or dissatisfied
108642;37;528;3;5;5;4;1;neutral or dissatisfied
20075;18;738;1;3;3;5;2;neutral or dissatisfied
557;31;3594;3;5;4;5;3;satisfied
62042;33;2475;1;5;5;3;5;neutral or dissatisfied
119243;39;290;3;2;2;5;3;neutral or dissatisfied
30722;30;1123;1;3;3;3;2;neutral or dissatisfied
96172;44;460;1;4;4;5;5;satisfied
66816;35;731;3;4;4;5;3;neutral or dissatisfied
103037;34;3402;1;3;4;1;1;neutral or dissatisfied
85827;19;666;4;2;3;1;4;neutral or dissatisfied
125120;66;361;3;4;5;2;3;neutral or dissatisfied
5829;50;177;3;4;3;1;3;neutral or dissatisfied
1814;71;500;3;4;4;3;3;neutral or dissatisfied
90114;24;3990;1;3;3;3;2;satisfied
34777;43;209;3;4;3;5;3;neutral or dissatisfied
26643;34;406;1;2;2;4;4;satisfied
16089;49;3964;3;4;1;3;2;neutral or dissatisfied
83454;46;2389;4;4;5;3;3;satisfied
53663;51;1208;3;1;3;3;3;neutral or dissatisfied
89701;17;1080;5;4;4;1;3;satisfied
66367;41;986;4;4;4;5;2;neutral or dissatisfied
106975;76;1934;3;2;3;3;3;satisfied
3401;21;3365;2;4;4;4;5;satisfied
80975;40;3472;1;5;5;4;4;satisfied
61993;49;2475;1;5;5;4;4;satisfied
12242;43;1832;2;2;4;4;4;satisfied
16501;57;143;3;3;5;3;3;neutral or dissatisfied
63406;50;337;3;4;3;1;4;neutral or dissatisfied
13439;34;409;2;4;4;2;2;neutral or dissatisfied
35244;47;1076;1;3;4;2;2;satisfied
34468;49;1982;5;1;1;5;5;satisfied
10684;47;216;2;2;2;4;4;neutral or dissatisfied
30402;60;775;1;5;2;2;1;neutral or dissatisfied
31974;57;2358;3;2;4;2;2;neutral or dissatisfied
56948;27;2454;4;4;4;2;3;neutral or dissatisfied
97022;48;1645;2;5;4;5;5;satisfied
7178;31;3650;2;2;2;4;4;neutral or dissatisfied
76879;48;630;1;4;2;5;5;satisfied
90108;45;1127;5;4;4;5;5;satisfied
44577;70;2625;0;5;5;4;5;satisfied
26354;53;3435;1;5;2;4;5;satisfied
18734;34;1980;5;5;4;5;5;satisfied
43616;60;190;4;4;4;5;2;satisfied
94972;46;2138;0;1;2;4;4;satisfied
113157;67;677;4;4;3;5;5;satisfied
71474;37;437;3;5;5;4;4;neutral or dissatisfied
30127;48;183;4;3;4;4;4;neutral or dissatisfied
101021;51;867;3;5;3;2;2;neutral or dissatisfied
21222;49;192;2;4;4;2;2;neutral or dissatisfied
47240;62;748;1;5;3;3;1;neutral or dissatisfied
3973;53;764;4;5;2;3;4;neutral or dissatisfied
110977;55;197;3;1;1;4;5;neutral or dissatisfied
88925;43;2935;2;5;5;4;4;satisfied
17928;31;789;2;2;2;1;4;neutral or dissatisfied
54834;37;2844;5;5;4;4;4;satisfied
85717;48;1895;5;4;3;5;5;satisfied
15342;42;2944;2;4;5;5;5;satisfied
14084;42;425;2;1;1;1;2;neutral or dissatisfied
62171;33;2454;5;4;4;4;3;satisfied
2294;29;3669;5;5;5;5;3;satisfied
63837;28;2647;5;4;4;4;5;satisfied
20134;25;416;3;3;3;1;1;neutral or dissatisfied
63264;32;337;2;5;5;5;2;satisfied
127263;58;1633;3;3;5;3;3;neutral or dissatisfied
26235;55;404;3;2;2;3;2;neutral or dissatisfied
59098;66;1846;3;4;4;1;1;neutral or dissatisfied
90327;52;1820;2;4;5;4;4;satisfied
28482;44;1739;5;2;4;5;5;satisfied
54209;13;1504;4;5;4;3;1;satisfied
102055;51;397;5;3;4;2;5;satisfied
106082;39;1657;5;5;3;4;4;satisfied
120911;42;861;3;5;5;4;2;satisfied
46136;23;604;2;4;4;4;5;neutral or dissatisfied
35387;53;635;2;5;5;1;2;satisfied
35445;33;1010;2;2;2;1;1;neutral or dissatisfied
33771;44;490;4;5;5;2;5;neutral or dissatisfied
124959;36;184;2;3;5;4;4;neutral or dissatisfied
50647;45;110;2;3;1;3;2;neutral or dissatisfied
65517;41;1616;4;5;5;4;5;satisfied
74147;44;769;3;3;5;3;3;neutral or dissatisfied
53434;20;2288;4;5;5;3;5;satisfied
70960;42;802;2;5;5;4;4;neutral or dissatisfied
94878;39;248;3;3;3;3;4;neutral or dissatisfied
12243;55;190;5;5;5;4;3;satisfied
101307;56;763;2;3;3;2;2;neutral or dissatisfied
37344;35;1144;3;1;1;2;5;neutral or dissatisfied
13795;62;450;2;3;3;4;3;neutral or dissatisfied
108720;24;591;5;5;5;3;2;satisfied
41921;36;129;3;3;3;2;2;neutral or dissatisfied
126553;52;644;2;4;4;2;4;neutral or dissatisfied
96998;11;794;2;2;2;5;2;neutral or dissatisfied
95008;37;528;2;3;3;1;1;neutral or dissatisfied
96799;26;488;2;3;3;5;3;neutral or dissatisfied
39722;34;320;5;4;5;5;5;satisfied
95558;21;277;1;1;1;1;2;neutral or dissatisfied
62461;28;1846;3;1;1;1;2;neutral or dissatisfied
70872;16;761;1;2;2;4;2;neutral or dissatisfied
126681;39;2521;3;2;2;3;3;neutral or dissatisfied
94463;41;2021;0;4;5;4;3;satisfied
128916;27;414;2;1;1;3;5;neutral or dissatisfied
49086;46;266;3;3;3;5;5;satisfied
553;57;134;5;5;5;4;4;satisfied
43640;23;3130;5;1;1;4;5;satisfied
85128;44;731;5;1;1;3;5;satisfied
13302;49;657;1;4;2;2;1;neutral or dissatisfied
23357;53;563;4;4;1;4;4;satisfied
102056;38;226;3;5;3;3;3;neutral or dissatisfied
61502;22;753;5;5;5;2;2;satisfied
63135;71;3614;2;4;4;2;2;neutral or dissatisfied
129240;53;1464;3;4;5;3;3;neutral or dissatisfied
20014;34;599;3;4;4;4;2;neutral or dissatisfied
61081;16;1506;3;2;3;2;1;neutral or dissatisfied
102969;42;2744;2;4;3;2;2;neutral or dissatisfied
62706;27;2399;3;3;3;2;4;neutral or dissatisfied
28189;64;933;1;4;4;1;5;neutral or dissatisfied
47864;27;329;3;1;1;2;5;neutral or dissatisfied
124265;54;3871;3;3;3;3;3;neutral or dissatisfied
96717;27;696;3;2;2;1;3;neutral or dissatisfied
1285;25;134;1;2;1;4;1;neutral or dissatisfied
64863;26;469;0;1;1;3;2;satisfied
95799;57;2417;4;5;4;5;4;satisfied
92754;61;1276;2;3;4;5;4;neutral or dissatisfied
70147;56;550;3;5;5;2;1;neutral or dissatisfied
45124;46;157;2;3;3;3;3;neutral or dissatisfied
57047;41;2133;4;5;2;4;4;satisfied
9329;52;542;2;4;4;4;3;neutral or dissatisfied
60959;41;1981;1;4;5;1;1;neutral or dissatisfied
98872;22;2074;4;5;5;3;3;satisfied
112136;35;895;2;5;4;5;4;neutral or dissatisfied
91432;31;549;3;4;3;4;3;neutral or dissatisfied
44299;30;867;3;3;2;2;3;neutral or dissatisfied
33894;25;1504;1;5;5;2;5;neutral or dissatisfied
88978;67;1184;1;1;1;2;1;neutral or dissatisfied
107614;25;423;4;1;5;4;5;satisfied
25599;7;696;1;2;1;3;4;neutral or dissatisfied
42122;11;991;3;1;4;5;3;neutral or dissatisfied
107992;32;2153;4;4;4;4;4;neutral or dissatisfied
79066;50;356;2;1;1;4;4;neutral or dissatisfied
75598;30;337;3;5;5;3;3;neutral or dissatisfied
30446;24;991;1;5;5;5;1;satisfied
2794;44;364;3;3;3;5;3;satisfied
72316;68;919;4;2;2;5;4;neutral or dissatisfied
4253;41;1020;2;2;2;1;3;neutral or dissatisfied
120907;30;992;3;1;1;3;5;satisfied
53339;29;1452;5;5;5;4;3;satisfied
14548;56;362;1;4;2;1;1;neutral or dissatisfied
83090;34;983;2;3;3;3;1;neutral or dissatisfied
122969;53;468;4;5;5;5;5;satisfied
129801;62;447;2;5;5;4;2;neutral or dissatisfied
51532;51;2562;5;1;2;4;4;satisfied
9934;23;2278;3;3;3;3;5;neutral or dissatisfied
18295;34;640;1;1;1;3;5;neutral or dissatisfied
30151;49;160;3;5;5;4;3;neutral or dissatisfied
76683;26;481;1;1;1;1;1;neutral or dissatisfied
82913;48;645;2;3;3;5;5;neutral or dissatisfied
43696;41;1511;3;1;5;4;4;satisfied
123785;29;541;3;3;3;5;4;satisfied
67920;30;1205;2;5;5;2;2;neutral or dissatisfied
101141;50;1090;3;5;2;4;4;satisfied
109608;46;973;4;4;2;4;3;neutral or dissatisfied
82003;53;1589;4;2;1;4;4;neutral or dissatisfied
2067;56;1593;4;5;4;3;4;satisfied
54822;29;3690;5;5;5;1;2;satisfied
103779;42;1567;3;5;5;3;4;satisfied
53913;54;191;1;3;3;4;2;neutral or dissatisfied
125369;54;599;2;2;4;4;2;neutral or dissatisfied
112669;42;1617;3;4;3;4;4;satisfied
12404;50;201;1;5;5;3;3;neutral or dissatisfied
47111;49;784;3;3;3;2;4;neutral or dissatisfied
94037;47;239;2;5;3;5;4;satisfied
50713;11;109;1;1;2;3;5;neutral or dissatisfied
57580;43;1597;5;5;4;5;5;satisfied
119510;32;759;2;5;3;2;2;neutral or dissatisfied
50500;46;373;3;4;4;5;4;neutral or dissatisfied
80742;37;448;4;2;5;3;2;neutral or dissatisfied
16806;49;645;3;4;3;1;1;neutral or dissatisfied
109690;42;802;3;4;2;4;3;neutral or dissatisfied
2342;28;925;4;3;3;3;4;neutral or dissatisfied
11170;25;201;1;4;4;2;3;neutral or dissatisfied
128872;23;968;5;4;5;3;5;satisfied
16545;32;1134;2;3;3;5;5;neutral or dissatisfied
127308;50;1979;1;4;2;5;5;satisfied
11609;57;657;3;2;2;3;4;neutral or dissatisfied
15627;38;229;4;4;4;4;5;neutral or dissatisfied
12473;28;305;2;2;2;2;4;neutral or dissatisfied
35526;42;1056;4;4;4;4;1;neutral or dissatisfied
49549;43;373;1;3;5;4;4;satisfied
44055;21;296;0;5;5;2;1;satisfied
82746;47;3244;1;4;2;1;1;neutral or dissatisfied
82585;54;3055;2;5;4;4;4;satisfied
17670;45;3575;0;2;5;4;4;satisfied
125963;22;631;5;3;3;5;3;satisfied
40919;8;532;3;3;3;4;5;neutral or dissatisfied
64737;45;2828;0;5;5;4;2;satisfied
29079;23;937;1;2;2;3;1;neutral or dissatisfied
128637;21;679;4;5;5;4;5;neutral or dissatisfied
116843;52;646;4;3;5;3;5;satisfied
39195;45;318;3;4;3;3;3;neutral or dissatisfied
83912;42;2543;2;4;1;2;1;neutral or dissatisfied
64778;38;282;0;5;3;1;1;satisfied
104812;68;587;2;5;1;4;4;neutral or dissatisfied
19594;15;160;2;5;5;1;4;neutral or dissatisfied
63420;49;447;4;5;5;2;4;satisfied
18215;28;137;2;2;2;3;5;neutral or dissatisfied
24267;56;147;3;2;2;1;4;neutral or dissatisfied
122807;13;599;3;2;2;1;5;neutral or dissatisfied
87878;33;214;4;4;4;4;2;neutral or dissatisfied
13221;41;772;4;4;4;2;1;satisfied
12531;45;788;2;1;2;4;4;neutral or dissatisfied
20525;35;533;3;1;1;5;4;neutral or dissatisfied
40863;36;588;5;2;2;3;2;satisfied
100273;47;3901;2;4;2;5;5;satisfied
57299;43;1972;3;4;3;2;2;satisfied
12161;30;986;3;3;3;5;5;neutral or dissatisfied
126812;24;2296;4;4;4;5;5;satisfied
48364;72;522;1;3;1;3;0;neutral or dissatisfied
12092;54;1034;3;4;3;3;3;neutral or dissatisfied
63457;55;447;4;5;5;5;5;satisfied
81544;65;1124;2;3;3;2;4;neutral or dissatisfied
99642;29;1670;4;4;4;5;3;satisfied
21640;52;780;2;1;5;1;2;neutral or dissatisfied
126704;58;2370;4;4;3;4;4;satisfied
2638;43;1557;4;4;2;4;4;satisfied
73607;21;204;5;4;4;5;4;satisfied
94431;62;239;2;3;2;2;3;neutral or dissatisfied
79842;36;950;3;5;5;3;5;neutral or dissatisfied
59832;23;1023;1;2;2;5;2;neutral or dissatisfied
121458;63;257;1;3;2;5;5;satisfied
78357;49;1927;2;5;4;5;5;satisfied
53804;50;140;4;4;4;4;3;satisfied
3170;21;585;5;4;4;5;5;satisfied
13156;31;562;4;2;2;4;2;neutral or dissatisfied
10240;19;667;5;5;5;5;3;satisfied
88944;25;1199;3;5;5;4;3;neutral or dissatisfied
31819;55;2762;3;5;5;4;4;satisfied
125645;41;1555;5;5;3;5;5;satisfied
35513;43;1076;1;5;4;2;1;neutral or dissatisfied
129267;59;2521;2;4;5;2;2;neutral or dissatisfied
81110;24;991;1;5;5;5;4;neutral or dissatisfied
41157;46;667;2;4;1;4;5;neutral or dissatisfied
94487;26;239;4;3;3;3;4;satisfied
103154;37;491;5;3;3;5;4;satisfied
112817;46;1211;3;3;3;4;5;neutral or dissatisfied
63305;28;2901;3;3;3;4;5;neutral or dissatisfied
41217;10;1174;3;3;3;3;5;neutral or dissatisfied
10562;26;429;2;4;4;4;4;neutral or dissatisfied
12582;60;1723;1;4;1;5;5;satisfied
109362;50;1189;1;5;2;4;4;satisfied
4149;39;2413;4;3;5;4;4;neutral or dissatisfied
4318;20;589;0;4;4;4;3;satisfied
75000;62;2454;1;4;4;5;4;neutral or dissatisfied
56453;63;719;1;5;4;5;1;neutral or dissatisfied
89379;49;134;5;5;4;4;4;satisfied
120073;49;683;5;5;2;4;4;satisfied
42854;49;328;1;5;2;3;3;neutral or dissatisfied
56085;64;2586;3;2;3;1;4;neutral or dissatisfied
119694;28;1325;4;4;4;5;4;satisfied
41678;46;347;1;5;5;3;3;neutral or dissatisfied
42368;27;329;3;4;4;2;5;neutral or dissatisfied
4105;24;2048;2;4;4;5;3;satisfied
42376;44;550;1;3;4;4;1;neutral or dissatisfied
46976;18;776;4;3;3;3;5;satisfied
95543;31;192;3;1;1;4;2;neutral or dissatisfied
17401;45;351;3;3;3;3;1;neutral or dissatisfied
43980;53;411;4;4;4;2;1;satisfied
100598;24;718;1;5;5;4;5;neutral or dissatisfied
107474;29;711;5;3;3;5;2;satisfied
68084;27;1624;5;3;3;3;4;satisfied
80605;58;1983;5;5;5;5;5;satisfied
111366;56;3700;4;4;4;5;5;satisfied
120854;31;1013;2;1;1;4;4;neutral or dissatisfied
86546;44;1578;4;5;5;5;5;satisfied
80059;59;1089;5;4;2;2;2;satisfied
122311;28;541;3;4;3;4;2;neutral or dissatisfied
63453;47;447;1;5;4;5;5;satisfied
119317;13;214;2;2;4;4;3;neutral or dissatisfied
95811;20;1050;1;3;3;3;3;neutral or dissatisfied
117837;25;1697;3;5;5;4;5;satisfied
5432;76;265;3;4;3;3;3;neutral or dissatisfied
45281;39;222;4;4;4;5;5;satisfied
39796;62;272;3;4;1;4;3;neutral or dissatisfied
127946;69;2300;0;1;1;5;2;satisfied
5270;32;351;3;4;4;4;3;neutral or dissatisfied
37542;31;2954;4;4;4;4;5;neutral or dissatisfied
39591;44;565;4;2;2;4;5;neutral or dissatisfied
57822;40;622;3;3;3;2;3;neutral or dissatisfied
12497;36;190;4;4;4;1;2;neutral or dissatisfied
117345;25;296;0;2;2;4;4;satisfied
28026;48;763;3;1;1;4;3;neutral or dissatisfied
30172;49;548;4;3;3;2;4;neutral or dissatisfied
22657;18;223;3;3;3;1;2;neutral or dissatisfied
109432;47;3295;5;4;5;4;4;satisfied
11516;18;312;2;2;2;5;4;neutral or dissatisfied
26351;43;3205;5;5;5;4;4;satisfied
80732;37;393;1;5;5;3;2;neutral or dissatisfied
4583;46;416;3;4;4;1;1;neutral or dissatisfied
108653;33;1747;5;5;3;5;5;satisfied
21337;27;674;3;3;3;3;4;neutral or dissatisfied
94866;44;239;3;3;3;2;2;neutral or dissatisfied
65618;27;237;4;1;1;5;5;satisfied
37257;35;1028;4;4;4;1;2;satisfied
86668;57;746;2;4;4;5;2;neutral or dissatisfied
9993;12;508;3;2;2;5;2;neutral or dissatisfied
122852;43;2289;1;3;2;1;1;neutral or dissatisfied
110443;21;787;3;5;5;5;2;neutral or dissatisfied
63749;51;1660;3;1;2;3;4;neutral or dissatisfied
108617;54;696;2;4;4;1;2;neutral or dissatisfied
54780;52;854;2;4;4;3;3;neutral or dissatisfied
98360;27;789;5;4;4;5;1;satisfied
121789;45;449;4;4;2;4;4;satisfied
106201;22;436;3;4;4;5;4;neutral or dissatisfied
111613;44;1014;2;5;2;5;5;satisfied
49579;47;337;4;4;4;1;1;satisfied
66125;34;583;2;4;4;4;2;neutral or dissatisfied
84501;37;4502;2;4;4;5;5;satisfied
49683;23;89;3;4;4;2;4;neutral or dissatisfied
124667;39;399;1;4;4;4;4;satisfied
2249;43;2997;4;4;4;4;4;satisfied
77874;33;1416;2;4;4;4;3;satisfied
96314;68;687;2;4;2;4;2;neutral or dissatisfied
117510;25;507;4;4;4;1;3;satisfied
77064;28;991;3;5;5;5;3;satisfied
26572;48;581;5;3;4;5;5;satisfied
24878;40;534;4;4;4;1;2;satisfied
67787;28;1205;4;5;5;4;5;satisfied
100385;52;1011;2;5;5;4;4;neutral or dissatisfied
100508;49;3313;2;4;5;4;4;satisfied
110020;49;1142;3;4;4;1;5;neutral or dissatisfied
39978;31;1262;4;4;4;2;2;neutral or dissatisfied
24987;25;692;1;4;4;2;1;neutral or dissatisfied
42067;55;241;4;4;4;5;4;satisfied
43066;23;236;5;3;3;4;3;satisfied
76307;51;2182;2;4;3;4;4;satisfied
38589;70;2475;2;4;2;1;2;neutral or dissatisfied
41408;61;563;2;5;2;3;4;neutral or dissatisfied
112238;40;1703;5;4;4;5;5;satisfied
84238;20;432;2;2;2;2;2;neutral or dissatisfied
88018;24;545;4;5;5;5;3;satisfied
99126;35;419;2;5;5;3;2;neutral or dissatisfied
7251;45;139;4;1;1;1;4;neutral or dissatisfied
51708;64;2719;1;4;3;3;4;satisfied
23154;80;223;5;1;5;4;5;satisfied
62068;26;2475;2;4;4;3;1;neutral or dissatisfied
4081;50;544;4;3;2;4;3;neutral or dissatisfied
89543;25;2073;2;4;4;5;3;satisfied
26657;26;181;1;4;4;5;5;neutral or dissatisfied
43344;24;531;3;4;4;1;3;neutral or dissatisfied
50765;11;373;2;4;4;4;1;neutral or dissatisfied
6915;27;265;4;5;5;1;4;neutral or dissatisfied
112290;40;1703;4;5;4;5;5;satisfied
6844;41;2635;3;4;2;3;4;satisfied
91283;22;2160;1;5;5;5;2;satisfied
89166;33;1947;3;3;3;4;4;neutral or dissatisfied
37409;26;944;4;4;4;4;2;neutral or dissatisfied
38431;15;965;5;5;5;2;1;satisfied
103000;40;3742;2;4;4;3;3;satisfied
102746;26;255;2;4;4;4;5;satisfied
19753;35;462;1;5;3;5;5;satisfied
53031;49;1208;4;4;4;4;4;satisfied
71871;32;1744;3;1;1;3;2;neutral or dissatisfied
15699;61;419;2;4;5;5;2;neutral or dissatisfied
129037;69;1744;2;4;1;2;2;neutral or dissatisfied
82814;66;235;5;1;1;3;3;satisfied
63109;37;967;4;3;3;3;5;neutral or dissatisfied
123544;29;1773;2;4;4;5;2;satisfied
69319;57;3068;2;4;4;3;4;satisfied
100390;17;1034;3;4;4;3;2;neutral or dissatisfied
39921;34;1087;3;4;4;2;2;satisfied
5196;49;2788;4;4;2;4;4;satisfied
58315;41;1739;3;4;4;4;4;satisfied
107111;51;842;2;3;5;2;2;neutral or dissatisfied
37562;58;669;3;3;3;2;2;neutral or dissatisfied
125877;53;520;4;4;3;4;4;satisfied
89524;64;950;5;5;3;1;5;satisfied
108714;61;321;3;5;2;5;5;satisfied
68998;70;2422;4;4;4;2;4;neutral or dissatisfied
64139;57;2505;4;2;2;4;5;satisfied
80152;42;2586;1;1;1;5;2;neutral or dissatisfied
129577;62;2342;1;5;5;4;1;neutral or dissatisfied
16742;29;1167;5;5;5;1;3;satisfied
51378;60;337;3;4;4;2;3;neutral or dissatisfied
31535;41;853;1;2;2;3;2;neutral or dissatisfied
89822;20;1069;1;2;2;4;2;neutral or dissatisfied
38199;41;1010;5;3;2;4;5;satisfied
98218;31;1825;3;2;2;3;4;satisfied
103041;17;460;3;2;3;2;4;neutral or dissatisfied
76933;42;1727;2;4;5;2;2;neutral or dissatisfied
71705;12;1005;2;1;1;5;3;neutral or dissatisfied
48077;41;173;4;5;5;4;5;neutral or dissatisfied
32086;48;216;1;3;1;5;5;satisfied
111374;39;1050;3;3;2;3;5;neutral or dissatisfied
40177;30;2154;3;5;5;1;1;satisfied
26825;62;224;5;1;2;5;5;satisfied
124836;19;280;3;4;4;2;1;neutral or dissatisfied
48557;63;845;3;1;1;3;2;neutral or dissatisfied
82280;31;1481;4;4;4;3;2;satisfied
77258;32;1590;2;1;1;4;2;neutral or dissatisfied
87352;41;2285;4;4;3;2;2;satisfied
124313;36;201;2;4;4;4;4;neutral or dissatisfied
51377;49;77;3;4;4;3;3;neutral or dissatisfied
49331;44;308;4;4;4;4;5;satisfied
113159;11;677;4;2;2;3;5;neutral or dissatisfied
115702;33;372;1;1;1;3;2;neutral or dissatisfied
118373;32;2387;3;3;3;2;4;neutral or dissatisfied
45430;31;458;2;2;2;2;3;neutral or dissatisfied
110228;24;1138;3;3;3;4;4;satisfied
57022;53;2565;5;2;5;5;4;satisfied
95906;21;580;3;5;5;3;2;neutral or dissatisfied
37098;52;1189;2;5;1;4;4;satisfied
49408;56;109;2;1;3;1;2;satisfied
103493;42;440;3;5;5;1;3;neutral or dissatisfied
788;30;89;1;2;2;4;4;neutral or dissatisfied
128978;49;414;2;1;1;5;2;neutral or dissatisfied
8963;56;812;1;4;5;2;1;neutral or dissatisfied
102776;26;1099;4;2;4;4;4;neutral or dissatisfied
74355;32;3395;5;3;3;3;2;satisfied
42399;59;329;4;4;4;3;1;satisfied
23730;14;212;2;3;5;5;3;neutral or dissatisfied
37927;47;937;3;3;1;3;3;neutral or dissatisfied
53407;22;2358;3;3;4;4;5;neutral or dissatisfied
49212;58;1621;1;3;4;5;5;satisfied
115503;33;308;1;1;1;3;5;neutral or dissatisfied
80538;27;1747;5;5;5;3;2;satisfied
79535;41;762;2;4;2;4;4;satisfied
83837;78;425;2;3;4;2;2;neutral or dissatisfied
120111;9;1576;2;5;5;3;3;satisfied
106430;57;2778;3;4;3;5;5;satisfied
21516;34;164;2;1;1;3;4;neutral or dissatisfied
46664;52;2686;5;2;4;5;4;satisfied
103785;54;2806;2;4;3;4;4;satisfied
20369;32;265;2;5;5;2;1;neutral or dissatisfied
29730;35;2777;2;5;2;4;4;neutral or dissatisfied
102612;41;2428;1;5;4;4;4;satisfied
83711;34;577;4;4;5;5;5;satisfied
110671;12;1005;3;1;1;5;2;neutral or dissatisfied
110402;42;883;2;2;2;4;1;neutral or dissatisfied
114678;42;362;1;4;4;5;4;satisfied
30955;43;624;2;3;3;2;2;neutral or dissatisfied
34848;13;264;2;5;5;4;2;neutral or dissatisfied
103576;49;604;1;5;4;5;1;neutral or dissatisfied
114707;41;446;5;5;5;4;4;satisfied
49456;53;363;1;4;5;5;5;satisfied
92566;29;2139;5;4;4;3;5;satisfied
103397;55;2797;2;5;4;5;5;satisfied
26910;25;1874;2;2;2;2;2;neutral or dissatisfied
75632;69;337;1;1;3;5;4;neutral or dissatisfied
17546;16;908;1;4;4;5;3;neutral or dissatisfied
35300;22;1028;4;1;1;2;2;satisfied
34654;52;427;3;2;2;3;5;neutral or dissatisfied
45525;8;689;0;1;1;3;2;satisfied
3756;11;427;2;3;3;2;3;neutral or dissatisfied
80838;21;484;4;5;5;3;4;satisfied
44240;59;1647;2;3;5;2;2;neutral or dissatisfied
81801;25;1310;3;1;1;1;4;neutral or dissatisfied
112672;41;605;3;5;2;4;5;satisfied
119937;29;868;2;2;2;4;5;neutral or dissatisfied
47327;33;599;2;5;4;3;1;neutral or dissatisfied
13425;40;1670;4;3;5;4;4;neutral or dissatisfied
95669;26;1557;5;5;5;2;3;neutral or dissatisfied
60361;47;1476;1;5;5;5;5;satisfied
129619;58;2291;4;5;2;5;4;satisfied
2438;40;604;1;2;2;2;2;neutral or dissatisfied
34890;37;187;1;2;3;3;4;neutral or dissatisfied
80360;26;368;2;5;5;4;4;satisfied
40659;54;590;2;4;5;4;5;satisfied
56014;49;2475;4;4;4;3;4;satisfied
55628;37;324;4;4;4;4;3;satisfied
37291;40;1011;4;4;4;4;1;satisfied
28888;64;671;4;1;1;4;3;satisfied
22057;34;3699;3;4;5;3;3;neutral or dissatisfied
79164;20;1325;4;4;4;5;5;neutral or dissatisfied
56435;30;719;3;2;4;4;4;neutral or dissatisfied
75316;46;2486;1;4;5;5;5;satisfied
126216;38;1764;2;4;4;4;3;satisfied
29827;52;95;4;4;4;5;5;satisfied
52813;12;1341;4;4;4;2;5;neutral or dissatisfied
35533;54;1005;2;3;2;1;2;neutral or dissatisfied
30920;80;496;4;4;5;5;4;satisfied
112046;12;1123;1;5;2;3;1;neutral or dissatisfied
82927;41;2563;2;4;3;3;4;satisfied
102018;60;3984;5;4;4;5;5;satisfied
45955;44;563;5;3;5;5;5;satisfied
26148;53;404;5;2;3;3;3;satisfied
51120;18;326;3;2;2;3;3;neutral or dissatisfied
95589;34;822;2;5;5;5;5;satisfied
125870;47;993;3;5;3;5;5;satisfied
30651;58;770;1;4;3;3;0;neutral or dissatisfied
29320;66;859;2;3;2;1;2;neutral or dissatisfied
112265;57;1393;2;4;3;1;3;neutral or dissatisfied
40137;37;200;3;3;3;1;5;neutral or dissatisfied
76143;36;689;3;2;2;4;4;neutral or dissatisfied
3739;66;431;2;1;1;4;3;neutral or dissatisfied
55590;57;1839;5;5;4;4;4;satisfied
14085;39;371;4;2;2;4;5;satisfied
48930;38;3357;1;4;1;5;5;satisfied
14079;27;371;1;3;3;1;2;neutral or dissatisfied
70007;33;236;1;3;3;5;3;neutral or dissatisfied
122225;12;573;4;2;4;5;4;neutral or dissatisfied
12574;57;2073;4;3;5;4;4;neutral or dissatisfied
56533;59;3758;2;5;2;4;4;satisfied
70991;24;978;4;5;2;4;4;neutral or dissatisfied
101735;58;1590;3;4;5;4;4;satisfied
35934;9;2381;3;1;2;4;3;neutral or dissatisfied
19817;30;3236;5;5;5;3;5;neutral or dissatisfied
14972;31;927;4;4;4;3;1;satisfied
104551;61;3960;2;5;4;5;5;satisfied
124663;49;399;2;5;4;5;4;satisfied
107298;15;307;2;5;4;5;5;neutral or dissatisfied
127541;8;1009;2;5;5;4;3;neutral or dissatisfied
10735;74;134;2;2;2;4;2;neutral or dissatisfied
70255;85;992;4;5;5;4;4;satisfied
96583;51;333;3;5;4;1;3;neutral or dissatisfied
44981;42;359;3;2;2;3;5;neutral or dissatisfied
2214;50;3100;1;5;5;5;5;satisfied
87394;63;2464;1;4;1;5;5;satisfied
82861;23;594;4;1;4;3;5;satisfied
110113;43;1990;2;5;5;2;2;satisfied
110235;26;2401;2;4;4;5;5;satisfied
109244;38;391;4;5;5;4;2;neutral or dissatisfied
13903;54;3791;4;1;3;4;4;satisfied
81296;21;1020;1;1;1;2;1;neutral or dissatisfied
96098;18;795;2;1;1;5;2;neutral or dissatisfied
55308;8;2072;1;3;3;1;1;neutral or dissatisfied
89775;54;1080;1;4;4;4;1;neutral or dissatisfied
75619;30;337;4;5;5;1;5;neutral or dissatisfied
7850;30;1005;2;2;2;1;5;neutral or dissatisfied
88699;48;240;4;4;2;1;3;neutral or dissatisfied
32813;24;102;3;5;3;3;5;neutral or dissatisfied
72072;27;2486;1;5;1;3;3;neutral or dissatisfied
109126;24;2721;1;5;5;5;3;satisfied
18326;47;705;2;5;2;5;2;neutral or dissatisfied
32435;20;216;4;2;2;3;4;satisfied
123215;46;600;3;5;5;1;1;neutral or dissatisfied
18745;49;1167;4;4;4;2;2;satisfied
74474;25;1242;2;4;4;2;3;neutral or dissatisfied
6161;66;409;4;4;4;1;2;neutral or dissatisfied
13488;56;106;5;2;4;5;5;satisfied
28130;54;550;3;3;3;4;5;neutral or dissatisfied
85029;27;1590;2;5;5;5;5;neutral or dissatisfied
105269;61;2106;1;1;1;4;3;neutral or dissatisfied
57714;39;2178;5;5;4;4;4;satisfied
54183;49;1000;2;4;1;2;2;neutral or dissatisfied
42270;31;329;3;3;3;4;5;neutral or dissatisfied
107055;25;395;2;4;4;4;3;neutral or dissatisfied
89605;39;3863;1;5;3;4;4;satisfied
87575;37;432;3;1;1;3;5;neutral or dissatisfied
83149;46;983;2;4;5;1;2;neutral or dissatisfied
69712;66;1372;2;4;3;5;5;satisfied
83461;24;946;4;1;1;4;3;satisfied
4602;39;416;5;4;3;2;1;satisfied
73615;27;192;0;5;5;4;3;satisfied
54163;67;1400;4;3;2;4;4;neutral or dissatisfied
99263;42;833;1;5;3;4;4;satisfied
68943;34;646;4;5;5;1;1;neutral or dissatisfied
48685;60;2416;2;5;3;4;4;satisfied
95900;37;759;3;4;4;2;2;neutral or dissatisfied
66526;58;447;4;5;1;4;4;satisfied
34495;54;1990;0;2;2;3;3;satisfied
17945;49;214;4;3;2;4;4;neutral or dissatisfied
113275;47;414;5;5;5;4;4;satisfied
72652;8;985;3;1;1;3;2;neutral or dissatisfied
85765;42;666;5;4;3;4;4;satisfied
89052;43;807;4;4;4;4;5;satisfied
18742;42;2113;2;2;1;5;5;satisfied
31175;48;1620;3;4;5;5;5;satisfied
109359;56;1189;5;5;5;2;2;satisfied
88225;40;3320;4;5;4;4;4;satisfied
1458;32;695;4;5;5;1;5;neutral or dissatisfied
77533;44;1889;1;5;2;4;4;satisfied
10352;51;316;0;4;2;3;3;satisfied
6209;22;462;1;2;5;3;4;neutral or dissatisfied
13993;60;160;5;3;3;4;1;satisfied
69249;53;1512;2;5;3;4;4;satisfied
8200;54;3460;5;5;2;5;5;satisfied
6526;28;646;4;2;2;4;2;neutral or dissatisfied
125148;53;1999;5;5;2;5;5;satisfied
104286;49;1897;1;2;2;4;5;satisfied
74746;12;1431;3;4;4;4;2;neutral or dissatisfied
120351;7;337;2;1;1;4;2;neutral or dissatisfied
78965;41;2946;2;5;4;5;5;satisfied
45782;44;391;5;1;3;5;5;satisfied
12042;34;376;2;1;3;5;2;neutral or dissatisfied
52352;54;493;1;3;3;4;4;neutral or dissatisfied
73057;8;1988;4;4;4;5;2;satisfied
110679;32;945;5;4;1;2;2;satisfied
79492;15;762;3;4;1;4;4;neutral or dissatisfied
54702;38;387;5;2;1;4;4;satisfied
98688;68;966;1;5;5;5;1;neutral or dissatisfied
65354;31;631;2;2;2;1;3;neutral or dissatisfied
20185;51;403;5;3;3;5;5;satisfied
117521;56;2835;2;5;4;3;3;satisfied
22632;31;300;2;1;1;3;3;neutral or dissatisfied
99521;67;307;2;1;1;3;2;neutral or dissatisfied
62294;41;3660;1;5;3;3;4;satisfied
36359;27;200;4;4;4;1;1;satisfied
64306;41;2223;4;5;3;4;4;satisfied
73215;52;1258;2;4;2;4;4;satisfied
40431;34;175;3;5;1;3;4;satisfied
29519;36;1870;3;3;2;4;4;satisfied
56845;46;2454;2;4;5;3;4;satisfied
105868;16;787;3;4;4;5;2;neutral or dissatisfied
105710;23;787;1;4;4;2;5;neutral or dissatisfied
43327;36;347;4;4;4;1;5;satisfied
18729;48;917;1;3;5;4;4;satisfied
65451;24;1303;5;3;3;4;3;satisfied
125618;70;814;4;5;2;5;4;neutral or dissatisfied
41283;41;788;2;2;2;5;3;neutral or dissatisfied
104917;56;1800;4;4;3;5;5;satisfied
127661;24;776;4;1;1;5;4;satisfied
89544;58;1515;2;5;2;4;4;satisfied
116898;53;651;1;5;3;4;4;satisfied
50971;9;308;2;4;4;5;5;neutral or dissatisfied
51971;48;1501;5;3;4;5;4;neutral or dissatisfied
107315;46;307;4;5;5;1;4;neutral or dissatisfied
7042;44;299;3;3;1;3;3;neutral or dissatisfied
126496;21;1788;1;1;1;5;4;neutral or dissatisfied
14307;43;3721;1;1;4;5;5;satisfied
65688;23;926;2;1;1;4;3;neutral or dissatisfied
114319;47;846;3;1;5;3;3;neutral or dissatisfied
129396;52;414;5;5;3;3;1;satisfied
16843;33;645;4;4;4;2;1;satisfied
16281;62;946;3;3;5;3;3;neutral or dissatisfied
92852;7;1587;3;3;5;4;2;neutral or dissatisfied
20834;37;515;1;1;1;1;5;neutral or dissatisfied
55468;24;1825;3;3;3;3;5;neutral or dissatisfied
94112;38;239;2;5;2;4;2;neutral or dissatisfied
32010;14;102;2;2;2;1;2;neutral or dissatisfied
35291;25;1801;2;2;2;4;5;neutral or dissatisfied
21381;12;554;4;5;5;4;4;satisfied
78896;54;1337;4;2;2;3;3;neutral or dissatisfied
35245;45;944;2;4;1;2;2;neutral or dissatisfied
20459;36;177;2;5;5;1;1;neutral or dissatisfied
64237;25;1660;4;2;4;4;4;neutral or dissatisfied
5707;31;196;1;2;2;3;5;neutral or dissatisfied
61896;7;2254;2;1;1;5;4;neutral or dissatisfied
122739;27;2244;3;3;3;3;3;satisfied
71948;43;1437;2;4;4;5;5;satisfied
80699;47;874;2;4;4;3;4;neutral or dissatisfied
65598;54;175;4;5;5;4;2;neutral or dissatisfied
38196;38;1185;3;1;1;3;2;neutral or dissatisfied
129739;72;2943;0;5;5;2;2;satisfied
20106;31;416;4;4;4;3;5;satisfied
112342;27;850;3;1;1;3;2;neutral or dissatisfied
39113;36;190;3;3;3;1;2;satisfied
111465;47;836;2;3;1;1;3;neutral or dissatisfied
76793;29;1645;3;5;5;4;2;satisfied
87783;41;214;1;4;4;4;4;satisfied
10209;52;2909;2;3;2;2;1;neutral or dissatisfied
31494;42;2914;1;4;1;4;4;satisfied
122425;25;961;2;2;2;1;2;neutral or dissatisfied
7318;30;116;3;3;3;4;4;neutral or dissatisfied
80647;30;2781;1;4;4;3;4;satisfied
67677;43;2946;1;4;4;3;3;satisfied
40252;24;347;3;3;3;4;2;neutral or dissatisfied
8366;43;773;1;5;3;3;4;satisfied
94956;49;248;4;4;3;4;4;satisfied
60124;29;2410;4;4;4;4;1;neutral or dissatisfied
110017;25;742;2;3;3;3;2;neutral or dissatisfied
112125;45;2565;4;3;4;4;4;neutral or dissatisfied
70277;55;3117;4;4;5;5;5;satisfied
11318;54;247;2;5;4;2;2;neutral or dissatisfied
9586;36;296;4;4;4;4;4;neutral or dissatisfied
118968;33;570;3;2;2;3;5;neutral or dissatisfied
62565;30;1846;5;4;4;5;5;satisfied
29517;18;1009;2;4;4;2;2;neutral or dissatisfied
71274;66;733;4;3;3;5;4;neutral or dissatisfied
97283;28;843;2;5;5;4;3;neutral or dissatisfied
21367;48;1862;2;3;2;2;2;neutral or dissatisfied
62891;18;862;2;4;4;5;2;satisfied
48754;39;3764;0;4;4;3;3;satisfied
1519;25;3267;1;5;5;3;3;satisfied
108325;46;1844;5;4;4;5;5;satisfied
116818;49;646;4;5;3;4;4;satisfied
41098;41;140;4;5;2;5;5;satisfied
106995;51;937;3;4;4;4;1;neutral or dissatisfied
64802;41;2724;0;4;3;5;5;satisfied
127213;31;370;1;4;4;4;2;neutral or dissatisfied
29547;43;909;5;4;1;5;5;satisfied
25169;44;369;3;4;4;1;1;neutral or dissatisfied
41673;16;843;4;5;5;4;2;satisfied
115680;47;446;3;3;3;4;5;neutral or dissatisfied
45395;72;1437;4;4;2;4;4;neutral or dissatisfied
55996;22;2586;4;5;4;5;5;satisfied
119157;68;331;3;4;5;5;3;neutral or dissatisfied
29944;38;399;3;2;5;5;5;satisfied
26666;37;115;3;1;5;5;5;satisfied
112985;39;1751;1;4;4;5;3;neutral or dissatisfied
12800;57;641;5;5;5;1;5;satisfied
75494;55;2342;3;3;1;3;3;neutral or dissatisfied
76260;60;1399;5;4;4;1;3;satisfied
42035;17;106;3;5;5;1;5;neutral or dissatisfied
123746;14;96;5;1;1;2;2;satisfied
1813;25;500;2;5;5;4;4;satisfied
41602;36;1504;4;1;1;3;5;neutral or dissatisfied
102846;35;423;3;3;3;4;1;neutral or dissatisfied
40606;49;216;3;3;3;4;5;neutral or dissatisfied
55233;34;1009;3;4;3;3;3;neutral or dissatisfied
97623;51;3712;4;4;3;4;4;satisfied
24402;70;634;3;4;5;2;3;neutral or dissatisfied
101418;22;486;1;3;4;4;5;neutral or dissatisfied
107524;54;838;2;4;2;2;2;neutral or dissatisfied
93432;52;671;3;3;3;3;3;neutral or dissatisfied
68366;57;2072;5;5;4;5;5;satisfied
29523;68;1009;1;3;4;1;1;neutral or dissatisfied
59419;62;2556;2;5;4;3;4;neutral or dissatisfied
74479;28;1126;2;5;5;4;3;satisfied
64055;9;2100;4;4;4;2;2;neutral or dissatisfied
52992;55;1208;3;2;5;5;5;satisfied
99223;47;3748;4;5;3;4;4;satisfied
49959;26;266;1;3;3;3;5;neutral or dissatisfied
10028;42;2996;3;4;2;4;4;satisfied
79238;46;1598;3;4;4;2;2;satisfied
51707;16;751;2;1;1;1;3;neutral or dissatisfied
27594;58;954;2;2;3;5;3;neutral or dissatisfied
28499;61;2715;3;5;3;4;3;neutral or dissatisfied
12501;28;190;3;1;3;5;3;neutral or dissatisfied
105033;36;361;1;2;2;1;2;neutral or dissatisfied
68273;56;3219;1;4;2;5;5;satisfied
115742;44;1736;1;5;5;5;5;satisfied
27475;8;954;1;4;4;4;3;neutral or dissatisfied
115626;58;337;2;3;5;2;2;neutral or dissatisfied
68870;43;1061;2;4;4;1;4;neutral or dissatisfied
92557;58;1892;1;5;4;2;1;neutral or dissatisfied
13911;27;317;2;1;1;1;4;neutral or dissatisfied
46151;30;604;2;2;2;3;5;neutral or dissatisfied
85790;72;1778;1;5;3;2;3;satisfied
61309;27;909;1;2;2;5;4;satisfied
34643;52;427;2;5;5;3;1;neutral or dissatisfied
92974;58;738;4;5;2;4;4;satisfied
129404;52;3073;5;5;2;5;5;satisfied
106433;55;1678;1;4;2;5;5;satisfied
6762;26;235;4;1;1;4;4;neutral or dissatisfied
61234;29;3784;3;3;3;2;2;neutral or dissatisfied
38635;55;2704;4;5;5;4;4;satisfied
54726;65;964;3;4;3;2;3;neutral or dissatisfied
128378;30;3201;2;4;4;3;3;satisfied
30665;38;533;5;5;5;2;1;satisfied
63369;46;447;5;5;4;5;5;satisfied
69960;29;2174;1;2;5;3;3;neutral or dissatisfied
97401;23;587;2;4;4;4;4;neutral or dissatisfied
54547;60;925;3;5;2;5;1;neutral or dissatisfied
107843;45;2539;4;4;2;5;5;satisfied
52598;47;160;3;3;3;5;4;satisfied
108833;36;1199;2;4;4;2;2;neutral or dissatisfied
103674;24;251;3;1;1;2;4;neutral or dissatisfied
13227;49;657;2;5;5;1;2;neutral or dissatisfied
15662;22;764;2;5;5;5;3;neutral or dissatisfied
129438;36;414;4;5;5;3;1;neutral or dissatisfied
101145;25;583;2;2;2;1;3;neutral or dissatisfied
42322;26;817;1;4;4;2;2;neutral or dissatisfied
13033;31;374;3;2;2;3;3;neutral or dissatisfied
66110;20;1856;3;4;4;4;4;satisfied
26965;28;867;3;3;4;2;2;neutral or dissatisfied
83662;35;3594;5;5;4;4;4;satisfied
18251;52;179;4;4;3;1;0;neutral or dissatisfied
21472;61;3237;2;2;2;2;2;neutral or dissatisfied
58855;48;488;4;4;2;4;4;satisfied
85553;53;2853;3;5;5;5;5;satisfied
114595;44;308;4;4;4;3;2;neutral or dissatisfied
49239;31;3970;2;5;5;3;5;satisfied
437;46;134;3;5;4;5;3;neutral or dissatisfied
46631;39;3452;2;3;2;2;2;neutral or dissatisfied
57968;38;1911;1;1;5;5;3;neutral or dissatisfied
84288;42;334;1;5;1;5;4;neutral or dissatisfied
4868;54;408;3;1;1;4;2;neutral or dissatisfied
126831;66;2125;1;1;5;1;1;neutral or dissatisfied
118345;39;602;2;3;2;3;5;neutral or dissatisfied
30460;60;991;3;4;5;2;3;neutral or dissatisfied
32087;44;216;1;2;1;4;4;satisfied
77810;10;696;1;4;5;5;2;neutral or dissatisfied
120874;36;861;3;3;3;5;4;neutral or dissatisfied
102377;25;258;3;2;5;3;2;neutral or dissatisfied
27967;11;1660;3;5;5;5;5;neutral or dissatisfied
94685;27;2251;2;5;5;4;5;satisfied
54848;24;934;4;5;5;5;2;satisfied
